{"cameraMode":{"drawMode":0,"name":"Shaded","section":"Shading Mode"},"sceneLighting":false,"audioPlay":false,"sceneViewState":{"m_AlwaysRefresh":false,"showFog":true,"showSkybox":false,"showFlares":true,"showImageEffects":true,"showParticleSystems":true,"showVisualEffectGraphs":true,"m_FxEnabled":true},"in2DMode":false,"pivot":{"x":-1.2714793682098389,"y":0.2691212296485901,"z":0.0010667569003999234},"rotation":{"x":-0.26082727313041689,"y":0.4783489406108856,"z":-0.15128153562545777,"w":-0.8247138857841492},"size":2.5217905044555666,"orthographic":false}